intercept	del.mh.prop	SNV3	SV3	SV5	hrd	SNV8	Probability
sample1	-3.364	-0.917513033883813	-0.949832911392405	-0.876753168376584	-1.10515509103169	-0.358615245366516	0.046081179380355	0.000538713251750555
sample2	-3.364	7.94146063429704	3.23555547886727	-0.876753168376584	2.27355362227732	0.00197839077767807	0.0839842442541314	0.999908197498276
