sample1	sample2
Breast_A	0	1206.68775738402
Breast_B	0	0
Breast_C	0	1533.95914582595
Breast_D	270.957608512076	1160.00640903265
Breast_E	313.608343185273	4484.92309160826
Breast_F	394.393852389799	1281.98025472496
Breast_G	712.016382367843	1504.84604685412
Breast_H	0	0
Breast_I	0	0
Breast_J	609.152845803074	0
Breast_K	0	5488.82305615403
